Name,Web,Regional_ranking,World_ranking,Impact_score,Openness_score,Excellence_core,Year
University of Cambridge,www.cam.ac.uk,1,20,35,94,12,2012
University of Oxford,www.ox.ac.uk,2,25,37,64,13,2012
Eidgenössische Technische Hochschule ETH Zürich / Swiss Federal Institute of Technology Zurich ,www.ethz.ch,3,29,87,1,41,2012
University College London,www.ucl.ac.uk,4,43,86,126,8,2012
Utrecht University / Universiteit Utrecht,www.uu.nl,5,57,182,15,33,2012
Università di Bologna,www.unibo.it,6,61,133,99,121,2012
University of Edinburgh,www.ed.ac.uk,7,64,97,123,52,2012
Universidade do Porto,www.up.pt,8,70,122,37,285,2012
Universität Wien,www.univie.ac.at,9,71,100,74,247,2012
(1) Norwegian University of Science & Technology / Norges Teknisk-Naturvitenskapelige Universitet,www.ntnu.no,10,72,161,9,252,2012
University of Oslo / Universitetet i Oslo,www.uio.no,11,73,129,142,139,2012
(1) Catholic University of Leuven,www.kuleuven.be,12,76,259,84,47,2012
University of Groningen / Rijksuniversiteit Groningen,www.rug.nl,13,77,288,12,90,2012
(3) University of Helsinki / Helsingin yliopisto,www.helsinki.fi/university,14,80,257,71,94,2012
Charles University in Prague / Univerzita Karlova v Praze,www.cuni.cz,15,81,153,151,266,2012
(3) Universidad Complutense de Madrid,www.ucm.es,16,85,110,244,237,2012
Delft University of Technology TU Delft,www.tudelft.nl,17,86,164,35,146,2012
Humboldt Universität zu Berlin,www.hu-berlin.de,18,88,115,93,232,2012
Freie Universität Berlin,www.fu-berlin.de,19,89,149,26,269,2012
(1) Universitat Autònoma de Barcelona,www.uab.cat,20,91,643,3,180,2012
Ludwig Maximilians Universität München,www.uni-muenchen.de,21,92,217,28,53,2012
Ghent University / Universiteit Gent,www.ugent.be,22,93,315,25,93,2012
École Polytechnique Fédérale de Lausanne,www.epfl.ch,23,96,330,38,97,2012
Ruprecht Karls Universität Heidelberg,www.uni-heidelberg.de,24,98,193,287,69,2012
Universitat Politècnica de Catalunya BarcelonaTech,www.upc.edu,25,99,111,388,297,2012
University of Amsterdam / Universiteit van Amsterdam,www.uva.nl,26,103,226,186,42,2012
Masaryk University in Brno / Masarykova Univerzita v Brně,www.muni.cz,27,104,279,7,744,2012
Technische Universität Wien,www.tuwien.ac.at,28,106,112,47,348,2012
University of Ljubljana / Univerza v Ljubljani,www.uni-lj.si,29,107,178,53,371,2012
(1) Technische Universität München,www.tum.de,30,112,206,139,85,2012
Universität Hamburg,www.uni-hamburg.de,31,113,280,192,145,2012
(1) University of Southampton,www.soton.ac.uk,32,119,139,256,99,2012
Universität Freiburg,www.uni-freiburg.de,33,121,213,204,136,2012
(1) University of Manchester,www.manchester.ac.uk,34,128,292,237,37,2012
Lund University / Lunds Universitet,www.lu.se,35,129,420,137,100,2012
University of Copenhagen / Københavns Universitet,www.ku.dk,36,130,267,308,66,2012
University of Glasgow,www.gla.ac.uk,37,131,200,255,115,2012
Rheinisch Westfalische Technische Hochschule Aachen,www.rwth-aachen.de,38,132,195,132,159,2012
Royal Institute of Technology / Kungliga Tekniska Högskolan,www.kth.se,39,135,272,58,238,2012
Uppsala University / Uppsala Universitet,www.uu.se,40,136,314,166,125,2012
Rheinische Friedrich Wilhelms Universität Bonn,www.uni-bonn.de,41,136,209,120,131,2012
Tel Aviv University,www.tau.ac.il,42,138,119,407,113,2012
Universidad de Granada,www.ugr.es,43,142,247,50,338,2012
Universidad Politécnica de Madrid,www.upm.es,44,143,132,90,463,2012
University of Leeds,www.leeds.ac.uk,45,145,160,327,122,2012
Stockholm University / Stockholms Universitet,www.su.se,46,148,210,133,219,2012
Weizmann Institute of Science,www.weizmann.ac.il,47,149,180,1267,227,2012
Georg-August-Universität Göttingen,www.uni-goettingen.de,48,156,117,440,177,2012
Universität Leipzig,www.zv.uni-leipzig.de,49,156,212,184,257,2012
University of Bergen / Universitetet i Bergen,www.uib.no,50,161,190,573,248,2012
Technical University of Denmark / Danmarks Tekniske Universitet,www.dtu.dk,51,162,295,358,142,2012
Eindhoven University of Technology / Technische Universiteit Eindhoven,w3.tue.nl,52,163,456,19,209,2012
Aarhus University / Aarhus Universitet,www.au.dk,53,164,523,108,80,2012
Johann Wolfgang Goethe Universität Frankfurt am Main,www.uni-frankfurt.de,54,165,329,111,157,2012
(1) Universitat de València,www.uv.es,55,169,289,197,240,2012
Universidad del País Vasco,www.ehu.es,56,170,547,307,399,2012
Università degli Studi di Padova,www.unipd.it,57,175,478,95,118,2012
(1) University of Sheffield,www.shef.ac.uk,58,176,177,366,95,2012
Lomonosov Moscow State University / Московский государственный университет имени М.В. Ломоносова ,www.msu.ru,59,177,174,45,359,2012
University of Gothenburg / Göteborgs Universitet,www.gu.se,60,180,418,171,208,2012
Universidade Técnica de Lisboa,www.utl.pt,61,182,404,81,310,2012
(1) Friedrich Alexander Universität Erlangen Nürnberg,www.uni-erlangen.de,62,183,361,288,132,2012
University of Warwick,www.warwick.ac.uk,63,186,273,230,226,2012
Hebrew University of Jerusalem,www.huji.ac.il,64,189,311,338,161,2012
Université de Geneve,www.unige.ch,65,191,260,260,171,2012
Università di Pisa,www.unipi.it,66,192,302,267,218,2012
Universität zu Köln,www.uni-koeln.de,67,194,337,340,202,2012
Universität Zürich,www.uzh.ch,68,195,505,125,109,2012
Universität Münster,www.uni-muenster.de,69,197,326,247,156,2012
Aristotle University of Thessaloniki,www.auth.gr,70,199,214,563,293,2012
Università degli Studi di Roma La Sapienza,www.uniroma1.it,71,200,503,170,101,2012
Karolinska Institute / Karolinska Institutet,ki.se,72,201,594,283,65,2012
Technische Universität Berlin,www.tu-berlin.de,73,203,265,172,340,2012
Technische Universität Dresden,tu-dresden.de,74,204,157,203,219,2012
Universidade de Coimbra,www.uc.pt,75,209,219,271,457,2012
Universität Bern,www.unibe.ch,76,209,303,304,168,2012
Universidad de Sevilla,www.us.es,77,214,345,134,362,2012
(1) Leiden University / Universiteit Leiden,www.leidenuniv.nl,78,216,430,375,71,2012
Linköping University / Linköpings Universitet,www.liu.se,79,217,365,88,342,2012
Newcastle University Newcastle upon Tyne,www.ncl.ac.uk,80,218,183,465,163,2012
(1) University of Nottingham,www.nottingham.ac.uk,81,222,320,297,107,2012
Université de Liège,www.ulg.ac.be,82,223,602,378,291,2012
University of Zagreb,www.unizg.hr,83,223,147,519,552,2012
Technische Universität Darmstadt,www.tu-darmstadt.de,84,226,578,51,355,2012
Universidade de Lisboa,www.ul.pt,85,228,154,275,450,2012
Aalborg University / Aalborg Universitet,www.aau.dk,86,229,448,54,484,2012
London School of Economics and Political Science,www.lse.ac.uk,87,230,308,113,460,2012
(1) Imperial College London,www.ic.ac.uk,88,231,377,440,17,2012
Friedrich Schiller Universität Jena,www.uni-jena.de,89,234,496,291,254,2012
Université Libre de Bruxelles,www.ulb.ac.be,90,235,262,219,260,2012
Open University UK,www.open.ac.uk,91,236,138,523,473,2012
Wageningen University & Research Centre,www.wur.nl,92,241,789,183,173,2012
Universität Tubingen,www.uni-tuebingen.de,93,242,574,284,132,2012
Universidad de Zaragoza,www.unizar.es,94,243,415,182,366,2012
VU University of Amsterdam / Vrije Universiteit Amsterdam,www.vu.nl,95,246,662,251,64,2012
(1) Université Catholique de Louvain,www.ucl.ac.be,96,249,655,427,215,2012
Universidade de Santiago de Compostela,www.usc.es,97,250,761,335,378,2012
Technische Universität Graz,portal.tugraz.at,98,251,188,383,547,2012
Universidade do Minho,www.uminho.pt,99,254,369,229,587,2012
(1) University of Birmingham,www.bham.ac.uk,100,256,366,406,108,2012
University of Oxford,www.ox.ac.uk,1,18,32,101,8,2013
University of Cambridge,www.cam.ac.uk,2,20,31,45,12,2013
University College London,www.ucl.ac.uk,3,39,58,182,11,2013
Eidgenössische Technische Hochschule ETH Zürich / Swiss Federal Institute of Technology Zurich ,www.ethz.ch,4,45,60,60,33,2013
University of Edinburgh,www.ed.ac.uk,5,52,61,196,53,2013
Utrecht University / Universiteit Utrecht,www.uu.nl,6,69,113,159,32,2013
Universität Wien,www.univie.ac.at,7,78,53,121,267,2013
École Polytechnique Fédérale de Lausanne,www.epfl.ch,8,88,107,156,93,2013
Ruprecht Karls Universität Heidelberg,www.uni-heidelberg.de,9,89,154,107,63,2013
University of Amsterdam / Universiteit van Amsterdam,www.uva.nl,10,90,165,352,41,2013
(2) Universidad Complutense de Madrid,www.ucm.es,11,91,81,123,242,2013
Università degli Studi di Roma La Sapienza,www.uniroma1.it,12,93,138,91,97,2013
University of Copenhagen / Københavns Universitet,www.ku.dk,13,96,168,348,60,2013
University of Helsinki / Helsingin yliopisto,www.helsinki.fi,14,99,152,31,100,2013
Lomonosov Moscow State University / Московский государственный университет М В Ломоносова,www.msu.ru,15,102,73,189,353,2013
Universidade do Porto,www.up.pt,16,103,96,170,250,2013
University of Oslo / Universitetet i Oslo,www.uio.no,17,103,153,90,125,2013
Ludwig Maximilians Universität München,www.uni-muenchen.de,18,105,182,179,45,2013
University of Glasgow,www.gla.ac.uk,19,112,150,303,122,2013
Rheinische Friedrich Wilhelms Universität Bonn,www.uni-bonn.de,20,116,144,299,133,2013
Technische Universität Dresden,tu-dresden.de,21,119,131,226,169,2013
Université de Geneve,www.unige.ch,22,124,143,370,161,2013
(1) Leiden University / Universiteit Leiden,www.leidenuniv.nl,23,125,207,340,68,2013
Catholic University of Leuven,www.kuleuven.be,24,128,247,155,49,2013
(1) University of Manchester,www.manchester.ac.uk,25,129,292,169,42,2013
Charles University in Prague / Univerzita Karlova v Praze,www.cuni.cz,26,131,140,146,247,2013
Universität Hamburg,www.uni-hamburg.de,27,134,210,73,147,2013
(1) University of Southampton,www.soton.ac.uk,28,136,181,505,123,2013
Universität Freiburg,www.uni-freiburg.de,29,140,191,234,130,2013
(1) Norwegian University of Science & Technology / Norges Teknisk-Naturvitenskapelige Universitet,www.ntnu.no,30,142,139,236,246,2013
Humboldt Universität zu Berlin,www.hu-berlin.de,31,143,124,187,289,2013
(1) University of Nottingham,www.nottingham.ac.uk,32,145,215,504,108,2013
Universität zu Köln,www.uni-koeln.de,33,146,175,95,204,2013
Ghent University / Universiteit Gent,www.ugent.be,34,146,289,82,81,2013
Delft University of Technology TU Delft,www.tudelft.nl,35,150,193,228,153,2013
Rheinisch Westfalische Technische Hochschule Aachen,www.rwth-aachen.de,36,152,185,238,149,2013
University of Leeds,www.leeds.ac.uk,37,153,220,500,121,2013
Universidad de Granada,www.ugr.es,38,154,126,248,304,2013
Università di Bologna (Università degli Studi di Bologna),www.unibo.it,39,155,242,71,112,2013
Johann Wolfgang Goethe Universität Frankfurt am Main,www.uni-frankfurt.de,40,157,208,195,152,2013
Universität Leipzig,www.zv.uni-leipzig.de,41,157,169,47,261,2013
(1) University of Sheffield,www.shef.ac.uk,42,162,224,525,113,2013
(1) Imperial College London,www.ic.ac.uk,43,163,453,356,18,2013
University of Groningen / Rijksuniversiteit Groningen,www.rug.nl,44,164,295,194,74,2013
Freie Universität Berlin,www.fu-berlin.de,45,167,141,282,313,2013
Universität Zürich,www.uzh.ch,46,169,294,93,98,2013
University of Liverpool,www.liv.ac.uk,47,175,225,404,148,2013
Universität Bern,www.unibe.ch,48,177,222,280,177,2013
Uppsala University / Uppsala Universitet,www.uu.se,49,177,267,326,124,2013
University of Twente / Universiteit Twente,www.utwente.nl,50,179,170,291,282,2013
King's College London,www.kcl.ac.uk,51,181,348,1188,59,2013
Universität Münster,www.uni-muenster.de,52,182,254,237,154,2013
Christian Albrechts Universität zu Kiel,www.uni-kiel.de,53,184,160,435,303,2013
Eindhoven University of Technology / Technische Universiteit Eindhoven,www.tue.nl,54,185,251,32,224,2013
Universidad Politécnica de Madrid,www.upm.es,55,189,116,209,475,2013
(1) Universität Duisburg Essen,www.uni-due.de,56,190,205,332,257,2013
Technische Universität Berlin,www.tu-berlin.de,57,192,159,314,336,2013
National and Kapodistrian University of Athens,www.uoa.gr,58,193,228,498,199,2013
Tel Aviv University,www.tau.ac.il,59,197,356,153,128,2013
(1) Technische Universität München,www.tum.de,60,199,422,151,78,2013
Linköping University / Linköpings Universitet,www.liu.se,61,200,156,300,364,2013
(1) Friedrich Alexander Universität Erlangen Nürnberg,www.uni-erlangen.de,62,202,320,296,131,2013
(1) Wageningen University & Research Centre,www.wur.nl,63,204,272,989,143,2013
Newcastle University Newcastle upon Tyne,www.ncl.ac.uk,64,207,269,553,166,2013
University of Warwick,www.warwick.ac.uk,65,208,281,275,198,2013
(1) Bristol University,www.bris.ac.uk,66,209,407,552,79,2013
(1) Universitat de València,www.uv.es,67,210,260,186,235,2013
Technical University of Denmark / Danmarks Tekniske Universitet,www.dtu.dk,68,211,334,308,144,2013
Georg-August-Universität Göttingen,www.uni-goettingen.de,69,216,331,347,163,2013
Royal Institute of Technology / Kungliga Tekniska Högskolan,www.kth.se,70,218,277,137,241,2013
Technische Universität Wien,www.tuwien.ac.at,71,222,187,320,359,2013
Universidade de Coimbra,www.uc.pt,72,223,166,284,434,2013
Universität Würzburg,www.uni-wuerzburg.de,73,223,300,391,181,2013
(1) Universitat de Barcelona,www.ub.edu,74,225,445,124,126,2013
Aristotle University of Thessaloniki,www.auth.gr,75,226,263,114,292,2013
University of Gothenburg / Göteborgs Universitet,www.gu.se,76,229,298,253,222,2013
Università degli Studi di Firenze,www.unifi.it,77,230,321,232,191,2013
Aarhus University / Aarhus Universitet,www.au.dk,78,232,522,165,86,2013
Università di Pisa (Università degli Studi di Pisa),www.unipi.it,79,233,351,100,215,2013
Hebrew University of Jerusalem,www.huji.ac.il,80,234,385,270,187,2013
(1) Universitat Autònoma de Barcelona,www.uab.es,81,237,366,327,159,2013
Lund University / Lunds Universitet,www.lu.se,82,237,455,141,109,2013
Eötvös Loránd University Budapest / Eötvös Loránd Tudományegyetem ELTE,www.elte.hu,83,239,114,150,689,2013
Friedrich Schiller Universität Jena,www.uni-jena.de,84,240,340,96,237,2013
University of Ljubljana / Univerza v Ljubljani,www.uni-lj.si,85,241,284,105,342,2013
University of Bergen / Universitetet i Bergen,www.uib.no,86,242,326,313,252,2013
Trinity College Dublin,www.tcd.ie,87,244,282,489,265,2013
Czech Technical University in Prague / České Vysoké Učení Technické v Praze,www.cvut.cz,88,246,133,258,648,2013
Johannes Gutenberg Universität Mainz,www.uni-mainz.de,89,247,377,392,175,2013
VU University of Amsterdam / Vrije Universiteit Amsterdam,www.vu.nl,90,248,577,367,62,2013
Universität Tubingen,www.uni-tuebingen.de,91,251,434,443,135,2013
Stockholm University / Stockholms Universitet,www.su.se,92,258,383,385,214,2013
Open University UK,www.open.ac.uk,93,261,198,318,518,2013
Universidad de Sevilla,www.us.es,94,263,273,127,378,2013
(1) University of Birmingham,www.bham.ac.uk,95,264,493,609,115,2013
Durham University,www.dur.ac.uk,96,266,387,422,223,2013
Ruhr Universität Bochum,www.ruhr-uni-bochum.de,97,270,375,452,238,2013
University of Warsaw / Uniwersytet Warszawski,www.uw.edu.pl,98,271,249,211,467,2013
Universitat Politècnica de Catalunya BarcelonaTech,www.upc.edu,99,272,319,120,319,2013
University College Dublin National University of Ireland,www.ucd.ie,100,275,391,798,239,2013
University of Oxford,www.ox.ac.uk,1,17,21,295,8,2014
University of Cambridge,www.cam.ac.uk,2,18,20,311,10,2014
Eidgenössische Technische Hochschule ETH Zürich / Swiss Federal Institute of Technology Zurich ,www.ethz.ch,3,28,42,81,31,2014
University College London,www.ucl.ac.uk,4,38,64,100,11,2014
Utrecht University / Universiteit Utrecht,www.uu.nl,5,41,105,26,30,2014
University of Helsinki / Helsingin yliopisto,www.helsinki.fi,6,45,112,5,101,2014
University of Edinburgh,www.ed.ac.uk,7,51,57,151,52,2014
University of Amsterdam / Universiteit van Amsterdam,www.uva.nl,8,59,109,35,39,2014
Ludwig Maximilians Universität München,www.uni-muenchen.de,9,62,137,19,47,2014
Universität Wien,www.univie.ac.at,10,65,65,21,261,2014
Catholic University of Leuven,www.kuleuven.be,11,66,152,40,50,2014
Ghent University / Universiteit Gent,www.ugent.be,12,70,221,30,74,2014
University of Oslo / Universitetet i Oslo,www.uio.no,13,73,123,36,124,2014
Universität Hamburg,www.uni-hamburg.de,14,86,158,270,141,2014
Lund University / Lunds Universitet,www.lu.se,15,90,301,16,108,2014
University of Copenhagen / Københavns Universitet,www.ku.dk,16,91,194,134,54,2014
École Polytechnique Fédérale de Lausanne,www.epfl.ch,17,93,154,98,94,2014
Delft University of Technology TU Delft,www.tudelft.nl,18,94,208,82,159,2014
Università degli Studi di Roma La Sapienza,www.uniroma1.it,19,95,146,228,88,2014
Università di Bologna (Università degli Studi di Bologna),www.unibo.it,20,99,180,201,113,2014
Charles University in Prague / Univerzita Karlova v Praze,www.cuni.cz,21,100,127,101,229,2014
(2) Universidad Complutense de Madrid,www.ucm.es,22,102,157,22,248,2014
University of Groningen / Rijksuniversiteit Groningen,www.rug.nl,23,103,231,54,73,2014
Humboldt Universität zu Berlin,www.hu-berlin.de,24,106,91,184,287,2014
Open University UK,www.open.ac.uk,25,112,165,3,546,2014
Freie Universität Berlin,www.fu-berlin.de,26,113,100,86,309,2014
University of Glasgow,www.gla.ac.uk,27,115,151,281,118,2014
Technical University of Denmark / Danmarks Tekniske Universitet,www.dtu.dk,28,117,166,130,149,2014
Université de Geneve,www.unige.ch,29,118,189,171,163,2014
University of Nottingham,www.nottingham.ac.uk,30,119,118,493,116,2014
(1) Technische Universität München,www.tum.de,31,120,252,247,77,2014
Lomonosov Moscow State University / Московский государственный университет М В Ломоносова,www.msu.ru,32,122,116,133,341,2014
Universidade do Porto,www.up.pt,33,125,232,89,243,2014
Universitat de Barcelona,www.ub.edu,34,131,248,123,114,2014
(1) Norwegian University of Science & Technology / Norges Teknisk-Naturvitenskapelige Universitet,www.ntnu.no,35,133,163,158,256,2014
Johann Wolfgang Goethe Universität Frankfurt am Main,www.uni-frankfurt.de,36,135,227,173,164,2014
Technische Universität Dresden,tu-dresden.de,37,137,129,665,172,2014
Rheinische Friedrich Wilhelms Universität Bonn,www.uni-bonn.de,38,137,182,401,130,2014
Universität Freiburg,www.uni-freiburg.de,39,139,215,336,133,2014
Rheinisch Westfalische Technische Hochschule Aachen,www.rwth-aachen.de,40,141,141,312,146,2014
University of Bergen / Universitetet i Bergen,www.uib.no,41,142,270,333,255,2014
Karlsruhe Institute of Technology (Universität Karlsruhe),www.kit.edu,42,144,455,138,167,2014
Georg-August-Universität Göttingen,www.uni-goettingen.de,43,146,238,347,153,2014
(1) University of Twente / Universiteit Twente,www.utwente.nl,44,147,160,66,299,2014
Universidad del País Vasco / Euskal Herriko Unibertsitatea,www.ehu.es,45,148,136,188,387,2014
Aarhus University / Aarhus Universitet,www.au.dk,46,149,401,345,80,2014
Uppsala University / Uppsala Universitet,www.uu.se,47,153,185,483,126,2014
Universitat Autònoma de Barcelona,www.uab.cat,48,154,653,9,155,2014
Universität Zürich,www.uzh.ch,49,155,250,575,97,2014
(1) Universitat de València,www.uv.es,50,156,225,202,227,2014
University of Manchester,www.manchester.ac.uk,51,158,246,549,42,2014
Karolinska Institute / Karolinska Institutet,ki.se,52,160,604,562,64,2014
Eindhoven University of Technology / Technische Universiteit Eindhoven,www.tue.nl,53,162,298,135,240,2014
University of Gothenburg / Göteborgs Universitet,www.gu.se,54,163,334,73,224,2014
Universität zu Köln,www.uni-koeln.de,55,168,213,590,213,2014
Universität Leipzig,www.zv.uni-leipzig.de,56,168,167,698,266,2014
Universidad Politécnica de Madrid,www.upm.es,57,168,121,88,480,2014
Universität Münster,www.uni-muenster.de,58,171,228,530,156,2014
Masaryk University in Brno / Masarykova Univerzita v Brně,www.muni.cz,59,173,297,2,706,2014
VU University of Amsterdam / Vrije Universiteit Amsterdam,www.vu.nl,60,175,372,357,61,2014
University of Leeds,www.leeds.ac.uk,61,176,200,765,123,2014
(1) Leiden University / Universiteit Leiden,www.leidenuniv.nl,62,178,317,259,65,2014
Universitat Politècnica de Catalunya BarcelonaTech,www.upc.edu,63,178,353,29,328,2014
Universidad de Granada,www.ugr.es,64,181,253,122,288,2014
Hebrew University of Jerusalem,www.huji.ac.il,65,181,285,1050,203,2014
Università di Pisa (Università degli Studi di Pisa),www.unipi.it,66,184,361,71,212,2014
University of Warwick,www.warwick.ac.uk,67,190,294,358,199,2014
Istanbul University,www.istanbul.edu.tr,68,190,119,55,640,2014
Università degli Studi di Milano,www.unimi.it,69,193,507,42,119,2014
King's College London,www.kcl.ac.uk,70,194,243,1291,58,2014
Royal Institute of Technology / Kungliga Tekniska Högskolan,www.kth.se,71,196,198,389,247,2014
(1) Friedrich Alexander Universität Erlangen Nürnberg FAU,www.uni-erlangen.de,72,197,192,1036,138,2014
Ruprecht Karls Universität Heidelberg,www.uni-heidelberg.de,73,200,140,3504,60,2014
Università degli Studi di Padova,www.unipd.it,74,201,530,90,98,2014
Tel Aviv University,www.tau.ac.il,75,203,359,882,136,2014
Université Libre de Bruxelles,www.ulb.ac.be,76,205,274,242,278,2014
University of Ljubljana / Univerza v Ljubljani,www.uni-lj.si,77,205,311,142,352,2014
Universidad de Sevilla,www.us.es,78,207,145,437,374,2014
Technische Universität Wien,www.tuwien.ac.at,79,209,168,224,367,2014
Technische Universität Berlin,www.tu-berlin.de,80,212,169,472,347,2014
Universität Tubingen,www.uni-tuebingen.de,81,213,338,363,144,2014
Universität Bern,www.unibe.ch,82,215,287,736,152,2014
Université de Liège,www.ulg.ac.be,83,229,445,64,350,2014
Newcastle University Newcastle upon Tyne,www.ncl.ac.uk,84,230,235,628,176,2014
Universität Stuttgart,www.uni-stuttgart.de,85,232,222,263,413,2014
London School of Economics and Political Science,www.lse.ac.uk,86,233,179,144,485,2014
Aristotle University of Thessaloniki,www.auth.gr,87,235,343,459,302,2014
Linköping University / Linköpings Universitet,www.liu.se,88,236,211,387,360,2014
Imperial College London,www.imperial.ac.uk,89,237,396,977,18,2014
Universidade do Minho,www.uminho.pt,90,238,409,61,492,2014
Universität Hannover,www.uni-hannover.de,91,240,265,1056,525,2014
Heinrich Heine Universität Düsseldorf,www.uni-duesseldorf.de,92,241,272,588,271,2014
Czech Technical University in Prague / České Vysoké Učení Technické v Praze,www.cvut.cz,93,242,193,328,623,2014
Politecnico di Milano,www.polimi.it,94,245,438,105,295,2014
Universidad Politécnica de Valencia,www.upv.es,95,247,466,215,352,2014
Universidad de Salamanca,www.usal.es,96,249,290,58,644,2014
Adam Mickiewicz University Poznan / Uniwersytet Adama Mickiewicza w Poznaniu,www.amu.edu.pl,97,250,86,272,1060,2014
Université de Lausanne,www.unil.ch,98,252,331,1235,267,2014
Erasmus University of Rotterdam / Erasmus Universiteit Rotterdam,www.eur.nl,99,252,787,99,55,2014
(1) Loughborough University,www.lboro.ac.uk,100,255,172,380,446,2014
University of Oxford,www.ox.ac.uk,1,13,19,128,5,2015
University of Cambridge,www.cam.ac.uk,2,14,18,112,10,2015
Eidgenössische Technische Hochschule ETH Zürich / Swiss Federal Institute of Technology Zurich ,www.ethz.ch,3,20,44,25,26,2015
University College London,www.ucl.ac.uk,4,34,71,164,12,2015
University of Edinburgh,www.ed.ac.uk,5,50,73,61,48,2015
Utrecht University / Universiteit Utrecht,www.uu.nl,6,60,147,86,32,2015
Ruprecht Karls Universität Heidelberg,www.uni-heidelberg.de,7,65,156,45,63,2015
University of Helsinki / Helsingin yliopisto,www.helsinki.fi,8,66,129,40,100,2015
Catholic University of Leuven,www.kuleuven.be,9,74,164,176,42,2015
Ghent University / Universiteit Gent,www.ugent.be,10,78,197,71,70,2015
University of Oslo / Universitetet i Oslo,www.uio.no,11,83,135,59,118,2015
Universität Hamburg,www.uni-hamburg.de,12,84,176,32,140,2015
University of Amsterdam / Universiteit van Amsterdam,www.uva.nl,13,85,148,583,40,2015
University of Copenhagen / Københavns Universitet,www.ku.dk,14,86,182,284,54,2015
Università di Bologna (Università degli Studi di Bologna),www.unibo.it,15,87,173,164,98,2015
Ludwig Maximilians Universität München,www.uni-muenchen.de,16,90,190,98,51,2015
Università degli Studi di Roma La Sapienza,www.uniroma1.it,17,94,196,94,79,2015
(1)  Universitat de València,www.uv.es,18,95,70,212,223,2015
École Polytechnique Fédérale de Lausanne,www.epfl.ch,19,97,187,91,81,2015
University of Manchester,www.manchester.ac.uk,20,98,204,245,41,2015
Università degli Studi di Torino,www.unito.it,21,102,97,240,169,2015
(1)  Technische Universität München,www.tum.de,22,103,206,147,78,2015
Universität Wien,www.univie.ac.at,23,104,91,84,280,2015
University of Groningen / Rijksuniversiteit Groningen,www.rug.nl,24,107,228,100,71,2015
University of Glasgow,www.gla.ac.uk,25,110,143,485,117,2015
Lund University / Lunds Universitet,www.lu.se,26,114,218,82,103,2015
Universität Zürich,www.uzh.ch,27,115,252,141,93,2015
Delft University of Technology TU Delft,www.tudelft.nl,28,116,217,147,132,2015
Aarhus University / Aarhus Universitet,www.au.dk,29,117,304,128,87,2015
Imperial College London,www.imperial.ac.uk,30,118,394,506,16,2015
Charles University in Prague / Univerzita Karlova v Praze,www.cuni.cz,31,119,150,116,230,2015
King's College London,www.kcl.ac.uk,32,121,246,636,57,2015
Rheinisch Westfalische Technische Hochschule Aachen,www.rwth-aachen.de,33,121,161,242,137,2015
Technische Universität Dresden,tu-dresden.de,34,130,184,157,161,2015
Tel Aviv University,www.tau.ac.il,35,131,450,2,143,2015
Universität Bern,www.unibe.ch,36,132,163,263,162,2015
Uppsala University / Uppsala Universitet,www.uu.se,37,135,199,333,119,2015
Lomonosov Moscow State University / Московский государственный университет М В Ломоносова,www.msu.ru,38,138,123,176,321,2015
University of Leeds,www.leeds.ac.uk,39,139,188,605,120,2015
Universidad Complutense de Madrid,www.ucm.es,40,140,177,131,239,2015
Technical University of Denmark / Danmarks Tekniske Universitet,www.dtu.dk,41,144,178,480,139,2015
Universitat de Barcelona,www.ub.edu,42,145,342,125,102,2015
(1)  Leiden University / Universiteit Leiden,www.leidenuniv.nl,43,145,355,208,75,2015
Rheinische Friedrich Wilhelms Universität Bonn,www.uni-bonn.de,44,147,209,311,128,2015
University of Bergen / Universitetet i Bergen,www.uib.no,45,149,249,144,245,2015
Georg-August-Universität Göttingen,www.uni-goettingen.de,46,150,225,279,152,2015
Freie Universität Berlin,www.fu-berlin.de,47,150,122,200,316,2015
Université de Geneve,www.unige.ch,48,153,195,426,174,2015
Universität Leipzig,www.zv.uni-leipzig.de,49,156,162,205,266,2015
Humboldt Universität zu Berlin,www.hu-berlin.de,50,157,139,203,278,2015
VU University of Amsterdam / Vrije Universiteit Amsterdam,www.vu.nl,51,160,477,223,58,2015
Universidade do Porto,www.up.pt,52,162,221,141,213,2015
Royal Institute of Technology / Kungliga Tekniska Högskolan,www.kth.se,53,163,229,96,190,2015
Politecnico di Milano,www.polimi.it,54,167,149,286,231,2015
Universität Freiburg,www.uni-freiburg.de,55,168,266,380,129,2015
Johann Wolfgang Goethe Universität Frankfurt am Main,www.uni-frankfurt.de,56,169,238,214,172,2015
Universität zu Köln,www.uni-koeln.de,57,169,207,168,225,2015
Universität Münster,www.uni-muenster.de,58,171,231,241,159,2015
(1)  Norwegian University of Science & Technology / Norges Teknisk-Naturvitenskapelige Universitet,www.ntnu.no,59,174,260,170,241,2015
University of Gothenburg / Göteborgs Universitet,www.gu.se,60,175,314,117,219,2015
Università degli Studi di Padova,www.unipd.it,61,178,489,187,95,2015
University of Warwick,www.warwick.ac.uk,62,179,256,298,181,2015
Universitat Autònoma de Barcelona,www.uab.cat,63,180,507,110,148,2015
Universität Tubingen,www.uni-tuebingen.de,64,186,322,324,151,2015
Università di Pisa (Università degli Studi di Pisa),www.unipi.it,65,186,405,33,186,2015
Newcastle University Newcastle upon Tyne,www.ncl.ac.uk,66,188,211,581,174,2015
Universitat Politècnica de Catalunya BarcelonaTech,www.upc.edu,67,189,363,34,274,2015
Universidad de Granada,www.ugr.es,68,195,284,205,248,2015
Eindhoven University of Technology / Technische Universiteit Eindhoven,www.tue.nl,69,196,376,190,202,2015
Technische Universität Berlin,www.tu-berlin.de,70,199,210,231,309,2015
Universidad de Sevilla,www.us.es,71,200,268,102,347,2015
Hebrew University of Jerusalem,www.huji.ac.il,72,201,352,452,214,2015
Université Libre de Bruxelles,www.ulb.ac.be,73,204,201,455,268,2015
Università degli Studi di Milano,www.unimi.it,74,208,461,242,122,2015
(1)  University of Twente / Universiteit Twente,www.utwente.nl,75,211,254,297,255,2015
Université Paris 6 Pierre and Marie Curie,www.upmc.fr,76,214,834,474,20,2015
University of Ljubljana / Univerza v Ljubljani,www.uni-lj.si,77,216,357,147,350,2015
Universitat d'Alacant / Universidad de Alicante,www.ua.es,78,218,131,43,682,2015
Stockholm University / Stockholms Universitet,www.su.se,79,221,378,304,197,2015
Université de Lausanne,www.unil.ch,80,222,334,658,281,2015
Linköping University / Linköpings Universitet,www.liu.se,81,224,240,231,331,2015
Open University UK,www.open.ac.uk,82,227,214,5,556,2015
Radboud University / Radboud Universiteit Nijmegen,www.ru.nl,83,229,575,228,193,2015
University of Liverpool,www.liv.ac.uk,84,230,409,898,149,2015
Aristotle University of Thessaloniki,www.auth.gr,85,234,335,88,291,2015
Friedrich Schiller Universität Jena,www.uni-jena.de,86,235,522,145,243,2015
Technische Universität Wien,www.tuwien.ac.at,87,237,224,218,320,2015
Universidad Politécnica de Madrid,www.upm.es,88,239,171,181,404,2015
Universität Regensburg,www.uni-regensburg.de,89,241,296,498,318,2015
Ruhr Universität Bochum,www.ruhr-uni-bochum.de,90,243,345,378,246,2015
Karolinska Institute / Karolinska Institutet,ki.se,91,245,711,584,74,2015
Trinity College Dublin,www.tcd.ie,92,247,312,319,260,2015
Durham University,www.dur.ac.uk,93,248,430,292,236,2015
Johannes Gutenberg Universität Mainz,www.uni-mainz.de,94,250,415,454,183,2015
Erasmus University of Rotterdam / Erasmus Universiteit Rotterdam,www.eur.nl,95,255,968,449,55,2015
Universidad Autónoma de Madrid,www.uam.es,96,256,483,338,218,2015
Umea University / Umeå Universitet,www.umu.se,97,258,339,393,349,2015
Université de Liège,www.ulg.ac.be,98,259,467,114,353,2015
Masaryk University in Brno / Masarykova Univerzita v Brně,www.muni.cz,99,260,269,4,719,2015
Université Paris Sud (Paris XI),www.u-psud.fr,100,261,632,596,89,2015
University of Oxford,www.ox.ac.uk,1,10,18,9,5,2016
University of Cambridge,www.cam.ac.uk,2,14,21,7,10,2016
University College London,www.ucl.ac.uk,3,27,52,11,9,2016
Eidgenössische Technische Hochschule ETH Zürich / Swiss Federal Institute of Technology Zurich ,www.ethz.ch,4,36,48,109,32,2016
University of Edinburgh,www.ed.ac.uk,5,49,62,55,54,2016
University of Nottingham,www.nottingham.ac.uk,6,65,49,197,118,2016
Utrecht University / Universiteit Utrecht,www.uu.nl,7,67,123,150,43,2016
Ruprecht Karls Universität Heidelberg,www.uni-heidelberg.de,8,78,117,280,63,2016
Imperial College London,www.imperial.ac.uk,9,82,269,21,16,2016
University of Manchester,www.manchester.ac.uk,10,83,148,68,45,2016
University of Oslo / Universitetet i Oslo,www.uio.no,11,86,92,251,126,2016
University of Helsinki / Helsingin yliopisto,www.helsinki.fi,12,87,110,104,101,2016
Catholic University of Leuven,www.kuleuven.be,13,89,171,74,44,2016
University of Copenhagen / Københavns Universitet,www.ku.dk,14,93,190,98,55,2016
University of Amsterdam / Universiteit van Amsterdam,www.uva.nl,15,95,145,172,51,2016
Ludwig Maximilians Universität München,www.uni-muenchen.de,16,96,130,167,58,2016
Università degli Studi di Roma La Sapienza,www.uniroma1.it,17,97,127,198,70,2016
École Polytechnique Fédérale de Lausanne,www.epfl.ch,18,98,159,38,80,2016
King's College London,www.kcl.ac.uk,19,100,196,47,53,2016
Università di Bologna (Università degli Studi di Bologna),www.unibo.it,20,108,180,158,99,2016
University of Glasgow,www.gla.ac.uk,21,109,144,67,123,2016
Universitat Politècnica de Catalunya BarcelonaTech,www.upc.edu,22,110,56,512,269,2016
Ghent University / Universiteit Gent,www.ugent.be,23,110,232,144,71,2016
Universität Zürich,www.uzh.ch,24,114,204,118,97,2016
Universitat de Barcelona,www.ub.edu,25,116,156,241,105,2016
University of Groningen / Rijksuniversiteit Groningen,www.rug.nl,26,118,214,94,81,2016
(1)  Technische Universität München,www.tum.de,27,119,227,233,73,2016
Uppsala University / Uppsala Universitet,www.uu.se,28,125,170,182,112,2016
Universität Wien,www.univie.ac.at,29,126,80,248,357,2016
Universität Hamburg,www.uni-hamburg.de,30,128,154,497,127,2016
University of Leeds,www.leeds.ac.uk,31,129,161,138,125,2016
Rheinisch Westfalische Technische Hochschule Aachen,www.rwth-aachen.de,32,130,146,372,137,2016
Lund University / Lunds Universitet,www.lu.se,33,131,260,48,104,2016
Aarhus University / Aarhus Universitet,www.au.dk,34,134,300,141,74,2016
University of Warwick,www.warwick.ac.uk,35,136,153,201,177,2016
Delft University of Technology TU Delft,www.tudelft.nl,36,143,218,211,134,2016
Freie Universität Berlin,www.fu-berlin.de,37,145,96,322,304,2016
Rheinische Friedrich Wilhelms Universität Bonn,www.uni-bonn.de,38,146,168,370,136,2016
Università degli Studi di Padova,www.unipd.it,39,148,295,164,91,2016
VU University of Amsterdam / Vrije Universiteit Amsterdam,www.vu.nl,40,150,359,89,66,2016
Universidad Complutense de Madrid,www.ucm.es,41,151,111,427,252,2016
Technische Universität Dresden,tu-dresden.de,42,154,167,263,169,2016
Politecnico di Milano,www.polimi.it,43,156,134,433,211,2016
Karlsruhe Institute of Technology (Universität Karlsruhe),www.kit.edu,44,158,188,302,149,2016
University of Bergen / Universitetet i Bergen,www.uib.no,45,159,178,375,242,2016
Université de Geneve,www.unige.ch,46,160,151,117,239,2016
Universität Leipzig,www.zv.uni-leipzig.de,47,161,135,339,285,2016
Università di Pisa (Università degli Studi di Pisa),www.unipi.it,48,162,172,326,192,2016
Universidade do Porto,www.up.pt,49,167,186,554,206,2016
Universitat Autònoma de Barcelona,www.uab.cat,50,168,222,543,146,2016
(1)  Universitat de València,www.uv.es,51,170,157,413,228,2016
Johann Wolfgang Goethe Universität Frankfurt am Main,www.uni-frankfurt.de,52,171,169,567,188,2016
Universität Freiburg,www.uni-freiburg.de,53,171,234,452,138,2016
Université Paris 6 Pierre and Marie Curie,www.upmc.fr,54,174,523,181,22,2016
Technical University of Denmark / Danmarks Tekniske Universitet,www.dtu.dk,55,176,257,268,139,2016
Royal Institute of Technology / Kungliga Tekniska Högskolan,www.kth.se,56,177,203,343,189,2016
Universidad de Granada,www.ugr.es,57,178,183,227,250,2016
Charles University in Prague / Univerzita Karlova v Praze,www.cuni.cz,58,181,141,927,237,2016
Universität Bern,www.unibe.ch,59,182,241,131,205,2016
Lomonosov Moscow State University / Московский государственный университет М В Ломоносова,www.msu.ru,60,183,108,846,317,2016
Newcastle University Newcastle upon Tyne,www.ncl.ac.uk,61,184,212,226,181,2016
Universität zu Köln,www.uni-koeln.de,62,185,176,303,243,2016
Georg-August-Universität Göttingen,www.uni-goettingen.de,63,187,228,470,173,2016
Humboldt Universität zu Berlin,www.hu-berlin.de,64,190,142,535,272,2016
Universität Tubingen,www.uni-tuebingen.de,65,194,282,249,165,2016
Universität Münster,www.uni-muenster.de,66,199,211,684,174,2016
(1)  Norwegian University of Science & Technology / Norges Teknisk-Naturvitenskapelige Universitet,www.ntnu.no,67,202,224,369,241,2016
Università degli Studi di Milano,www.unimi.it,68,203,368,252,102,2016
Hebrew University of Jerusalem,www.huji.ac.il,69,204,267,113,238,2016
University of Gothenburg / Göteborgs Universitet,www.gu.se,70,205,268,274,216,2016
Bristol University,www.bristol.ac.uk,71,208,447,78,86,2016
Technische Universität Berlin,www.tu-berlin.de,72,210,194,236,309,2016
Karolinska Institute / Karolinska Institutet,ki.se,73,213,510,95,75,2016
Université Libre de Bruxelles,www.ulb.ac.be,74,214,191,273,289,2016
University of Twente / Universiteit Twente,www.utwente.nl,75,215,192,419,261,2016
Tel Aviv University,www.tau.ac.il,76,216,320,174,163,2016
Universität Würzburg,www.uni-wuerzburg.de,77,217,266,390,212,2016
London School of Economics and Political Science,www.lse.ac.uk,78,219,119,155,449,2016
University of Exeter,www.exeter.ac.uk,79,220,307,120,235,2016
Trinity College Dublin,www.tcd.ie,80,222,273,224,268,2016
University of Southampton,www.southampton.ac.uk,81,224,400,45,103,2016
Universidad Politécnica de Valencia,www.upv.es,82,227,181,578,321,2016
Universidad Autónoma de Madrid,www.uam.es,83,230,248,465,218,2016
Stockholm University / Stockholms Universitet,www.su.se,84,231,323,331,197,2016
Queen Mary University of London,www.qmul.ac.uk,85,233,344,116,168,2016
Università degli Studi di Napoli Federico II,www.unina.it,86,234,445,292,131,2016
Universidad de Sevilla,www.us.es,87,234,198,637,356,2016
Durham University,www.dur.ac.uk,88,236,298,188,229,2016
Aristotle University of Thessaloniki,www.auth.gr,89,237,226,618,291,2016
Università degli Studi di Torino,www.unito.it,90,238,402,214,171,2016
Linköping University / Linköpings Universitet,liu.se,91,242,206,374,336,2016
University of York,www.york.ac.uk,92,243,256,145,296,2016
Technische Universität Wien,www.tuwien.ac.at,93,244,195,443,333,2016
National and Kapodistrian University of Athens,www.uoa.gr,94,247,284,536,223,2016
Johannes Gutenberg Universität Mainz,www.uni-mainz.de,95,249,319,307,220,2016
Universidade de Lisboa,www.ulisboa.pt,96,250,481,318,145,2016
Erasmus University of Rotterdam / Erasmus Universiteit Rotterdam,www.eur.nl,97,250,735,143,62,2016
Ruhr Universität Bochum,www.ruhr-uni-bochum.de,98,252,240,464,260,2016
Eindhoven University of Technology / Technische Universiteit Eindhoven,www.tue.nl,99,254,328,315,221,2016
Université Claude Bernard Lyon 1,www.univ-lyon1.fr,100,255,308,590,190,2016
University of Oxford,www.ox.ac.uk,1,7,16,11,4,2017
University of Cambridge,www.cam.ac.uk,2,10,17,8,10,2017
University College London,www.ucl.ac.uk,3,19,44,10,7,2017
Eidgenössische Technische Hochschule ETH Zürich / Swiss Federal Institute of Technology Zurich,www.ethz.ch,4,34,41,119,31,2017
University of Edinburgh,www.ed.ac.uk,5,41,54,52,56,2017
Imperial College London,www.imperial.ac.uk,6,56,143,19,17,2017
University of Manchester,www.manchester.ac.uk,7,65,117,79,47,2017
Utrecht University / Universiteit Utrecht,www.uu.nl,8,66,126,145,35,2017
École Polytechnique Fédérale de Lausanne,www.epfl.ch,9,69,109,15,78,2017
Catholic University of Leuven,www.kuleuven.be,10,70,133,82,50,2017
University of Amsterdam / Universiteit van Amsterdam,www.uva.nl,11,72,135,157,42,2017
King's College London,www.kcl.ac.uk,12,78,160,36,51,2017
University of Copenhagen / Københavns Universitet,www.ku.dk,13,80,189,101,44,2017
University of Groningen / Rijksuniversiteit Groningen,www.rug.nl,14,87,146,117,73,2017
University of Helsinki / Helsingin yliopisto,www.helsinki.fi,15,88,120,126,105,2017
Ludwig Maximilians Universität München,www.uni-muenchen.de,16,89,151,110,79,2017
University of Glasgow,www.gla.ac.uk,17,92,105,122,128,2017
University of Oslo / Universitetet i Oslo,www.uio.no,18,96,103,249,127,2017
University of Leeds,www.leeds.ac.uk,19,97,100,134,136,2017
Ghent University / Universiteit Gent,www.ugent.be,20,105,253,133,62,2017
Ruprecht Karls Universität Heidelberg,www.uni-heidelberg.de,21,106,161,226,99,2017
Uppsala University / Uppsala Universitet,www.uu.se,22,106,148,163,107,2017
Lund University / Lunds Universitet,www.lu.se,23,108,197,47,108,2017
VU University of Amsterdam / Vrije Universiteit Amsterdam,www.vu.nl,24,109,312,97,63,2017
Delft University of Technology TU Delft,www.tudelft.nl,25,111,130,219,139,2017
(1) Technische Universität München,www.tum.de,26,115,187,247,91,2017
Universität Zürich,www.uzh.ch,27,116,222,94,93,2017
University of Warwick,www.warwick.ac.uk,28,120,110,236,173,2017
Aarhus University / Aarhus Universitet,www.au.dk,29,123,280,127,75,2017
Università di Bologna (Università degli Studi di Bologna),www.unibo.it,30,127,228,155,100,2017
Universität Wien,www.univie.ac.at,31,127,85,160,274,2017
Université de Geneve,www.unige.ch,32,135,150,102,177,2017
University of Nottingham,www.nottingham.ac.uk,33,136,164,241,129,2017
Bristol University,www.bristol.ac.uk,34,138,301,65,84,2017
Università degli Studi di Roma La Sapienza,www.uniroma1.it,35,139,357,188,68,2017
University of Southampton,www.southampton.ac.uk,36,145,235,74,109,2017
Queen Mary University of London,www.qmul.ac.uk,37,146,218,55,165,2017
Newcastle University Newcastle upon Tyne,www.ncl.ac.uk,38,148,137,222,185,2017
Karlsruhe Institute of Technology (Universität Karlsruhe),www.kit.edu,39,150,178,264,153,2017
Universitat de Barcelona,www.ub.edu,40,152,281,166,110,2017
Rheinische Friedrich Wilhelms Universität Bonn,www.uni-bonn.de,41,156,192,352,140,2017
Universität Hamburg,www.uni-hamburg.de,42,157,182,506,135,2017
Karolinska Institute / Karolinska Institutet,ki.se,43,159,447,88,72,2017
Rheinisch Westfalische Technische Hochschule Aachen,www.rwth-aachen.de,44,161,176,319,170,2017
University of Sheffield,www.sheffield.ac.uk,45,167,231,179,123,2017
Universität Bern,www.unibe.ch,46,169,243,107,156,2017
(2) Tel Aviv University,www.tau.ac.il,47,169,263,177,141,2017
Royal Institute of Technology / Kungliga Tekniska Högskolan,www.kth.se,48,174,163,373,191,2017
University of Birmingham,www.birmingham.ac.uk,49,177,336,112,106,2017
Università degli Studi di Milano,www.unimi.it,50,178,400,130,102,2017
Université de Paris VI / Université Pierre et Marie Curie (comUE Sorbonne Universités),www.upmc.fr,51,180,755,250,24,2017
Università degli Studi di Padova,www.unipd.it,52,182,474,158,92,2017
Freie Universität Berlin,www.fu-berlin.de,53,183,119,281,327,2017
University of Exeter,www.exeter.ac.uk,54,185,206,118,226,2017
Technical University of Denmark / Danmarks Tekniske Universitet,www.dtu.dk,55,188,354,269,137,2017
Erasmus University of Rotterdam / Erasmus Universiteit Rotterdam,www.eur.nl,56,194,663,136,64,2017
Hebrew University of Jerusalem,www.huji.ac.il,57,195,225,124,263,2017
Universität Freiburg,www.uni-freiburg.de,58,196,211,366,222,2017
London School of Economics and Political Science,www.lse.ac.uk,59,200,99,139,458,2017
Durham University,www.dur.ac.uk,60,201,224,204,244,2017
Technische Universität Dresden,tu-dresden.de,61,204,259,229,214,2017
Wageningen University & Research Centre,www.wur.nl,62,205,463,199,130,2017
University of York,www.york.ac.uk,63,206,170,150,310,2017
University of Gothenburg / Göteborgs Universitet,www.gu.se,64,207,296,263,203,2017
Cardiff University,www.cardiff.ac.uk,65,208,333,185,182,2017
Eindhoven University of Technology / Technische Universiteit Eindhoven,www.tue.nl,66,209,212,347,245,2017
(1) Norwegian University of Science & Technology / Norges Teknisk-Naturvitenskapelige Universitet,www.ntnu.no,67,212,247,324,231,2017
Universität Tubingen,www.uni-tuebingen.de,68,213,288,218,216,2017
(2) Universidad Complutense de Madrid,www.ucm.es,69,214,219,353,256,2017
Lomonosov Moscow State University / Московский государственный университет М В Ломоносова,www.msu.ru,70,215,174,689,305,2017
Humboldt Universität zu Berlin,www.hu-berlin.de,71,217,181,515,279,2017
University of Twente / Universiteit Twente,www.utwente.nl,72,218,183,365,280,2017
University of Bergen / Universitetet i Bergen,www.uib.no,73,220,237,360,251,2017
Stockholm University / Stockholms Universitet,www.su.se,74,222,325,297,201,2017
Technische Universität Wien,www.tuwien.ac.at,75,224,145,391,342,2017
Linköping University / Linköpings Universitet,liu.se,76,226,155,358,341,2017
Technische Universität Berlin,www.tu-berlin.de,77,228,191,254,319,2017
Universidade do Porto,www.up.pt,78,229,307,484,194,2017
Universität zu Köln,www.uni-koeln.de,79,230,216,288,283,2017
Universität Münster,www.uni-muenster.de,80,231,294,593,186,2017
Trinity College Dublin,www.tcd.ie,81,232,217,225,282,2017
Radboud University / Radboud Universiteit Nijmegen,www.ru.nl,82,233,425,78,205,2017
Università di Pisa (Università degli Studi di Pisa),www.unipi.it,83,236,355,311,198,2017
Universidad de Granada,www.ugr.es,84,237,310,203,252,2017
Università degli Studi di Napoli Federico II,www.unina.it,85,239,569,235,126,2017
Aalto University / Aalto-yliopisto,www.aalto.fi,86,242,266,271,268,2017
(1) Universitat de València,www.uv.es,87,243,308,346,238,2017
University of Leicester,le.ac.uk,88,246,204,299,312,2017
Charles University in Prague / Univerzita Karlova v Praze,www.cuni.cz,89,247,236,965,230,2017
Universitat Autònoma de Barcelona,www.uab.cat,90,249,466,502,148,2017
Politecnico di Milano,www.polimi.it,91,250,350,376,221,2017
Johannes Gutenberg Universität Mainz,www.uni-mainz.de,92,251,334,313,224,2017
Georg-August-Universität Göttingen,www.uni-goettingen.de,93,252,330,416,233,2017
Università degli Studi di Torino,www.unito.it,94,256,526,193,179,2017
Universidad Autónoma de Madrid,www.uam.es,95,257,367,395,220,2017
Università degli Studi di Firenze,www.unifi.it,96,263,549,212,178,2017
University College Dublin National University of Ireland,www.ucd.ie,97,266,375,256,243,2017
Universität Leipzig,www.uni-leipzig.de,98,266,283,339,311,2017
University of Saint Andrews,www.st-andrews.ac.uk,99,269,233,206,370,2017
(1) Friedrich Alexander Universität Erlangen Nürnberg FAU,www.fau.de,100,276,592,268,152,2017
University of Oxford,www.ox.ac.uk,1,7,14,11,3,2018
University of Cambridge,www.cam.ac.uk,2,10,17,6,10,2018
University College London,www.ucl.ac.uk,3,18,45,8,8,2018
Eidgenössische Technische Hochschule ETH Zürich / Swiss Federal Institute of Technology Zurich,www.ethz.ch,4,27,42,104,30,2018
University of Edinburgh,www.ed.ac.uk,5,42,55,49,57,2018
Imperial College London,www.imperial.ac.uk,6,59,134,22,19,2018
Utrecht University / Universiteit Utrecht,www.uu.nl,7,61,100,171,39,2018
University of Manchester,www.manchester.ac.uk,8,66,112,77,50,2018
University of Copenhagen / Københavns Universitet,www.ku.dk,9,72,181,71,41,2018
University of Amsterdam / Universiteit van Amsterdam,www.uva.nl,10,73,131,202,42,2018
École Polytechnique Fédérale de Lausanne,www.epfl.ch,11,74,114,10,83,2018
Catholic University of Leuven,www.kuleuven.be,12,76,164,91,52,2018
Ludwig Maximilians Universität München,www.uni-muenchen.de,13,78,133,106,78,2018
University of Helsinki / Helsingin yliopisto,www.helsinki.fi,14,80,124,62,108,2018
King's College London,www.kcl.ac.uk,15,83,158,30,54,2018
University of Oslo / Universitetet i Oslo,www.uio.no,16,86,113,204,121,2018
Universität Zürich,www.uzh.ch,17,89,198,103,93,2018
Aarhus University / Aarhus Universitet,www.au.dk,18,90,210,177,77,2018
University of Groningen / Rijksuniversiteit Groningen,www.rug.nl,19,91,152,253,76,2018
Ruprecht Karls Universität Heidelberg,www.uni-heidelberg.de,20,92,122,118,100,2018
Ghent University / Universiteit Gent,www.ugent.be,21,95,227,113,66,2018
Technische Universität München,www.tum.de,22,100,156,170,80,2018
University of Leeds,www.leeds.ac.uk,23,105,103,172,142,2018
Università degli Studi di Roma La Sapienza,www.uniroma1.it,24,108,312,169,64,2018
University of Glasgow,www.gla.ac.uk,25,109,105,526,124,2018
Lund University / Lunds Universitet,www.lu.se,26,112,200,43,106,2018
Uppsala University / Uppsala Universitet,www.uu.se,27,113,153,162,104,2018
Delft University of Technology TU Delft,www.tudelft.nl,28,117,129,231,146,2018
Universität Wien,www.univie.ac.at,29,120,96,264,271,2018
Università di Bologna (Università degli Studi di Bologna),www.unibo.it,30,122,217,125,102,2018
University of Warwick,warwick.ac.uk,31,123,111,277,160,2018
VU University of Amsterdam / Vrije Universiteit Amsterdam,www.vu.nl,32,124,276,96,63,2018
University of Nottingham,www.nottingham.ac.uk,33,131,157,182,117,2018
Bristol University,www.bristol.ac.uk,34,137,256,60,87,2018
(2) Tel Aviv University,www.tau.ac.il,35,141,250,193,133,2018
Universitat de Barcelona,www.ub.edu,36,143,221,205,110,2018
Queen Mary University of London,www.qmul.ac.uk,37,144,239,32,154,2018
Università degli Studi di Padova,www.unipd.it,38,146,418,151,89,2018
Newcastle University Newcastle upon Tyne,www.ncl.ac.uk,39,148,136,216,178,2018
Université de Geneve,www.unige.ch,40,150,154,110,186,2018
Rheinisch Westfalische Technische Hochschule Aachen,www.rwth-aachen.de,41,151,165,158,175,2018
Universität Hamburg,www.uni-hamburg.de,42,152,171,448,130,2018
University of Sheffield,www.sheffield.ac.uk,43,153,195,200,119,2018
Karlsruhe Institute of Technology (Universität Karlsruhe),www.kit.edu,44,155,218,203,163,2018
Rheinische Friedrich Wilhelms Universität Bonn,www.uni-bonn.de,45,157,179,353,137,2018
Karolinska Institute / Karolinska Institutet,ki.se,46,164,413,74,73,2018
Universität Bern,www.unibe.ch,47,165,238,68,151,2018
Wageningen University & Research Centre,www.wur.nl,48,169,334,147,131,2018
Università degli Studi di Milano,www.unimi.it,49,171,382,86,98,2018
Royal Institute of Technology / Kungliga Tekniska Högskolan,www.kth.se,50,173,176,327,191,2018
Freie Universität Berlin,www.fu-berlin.de,51,175,117,286,342,2018
University of Exeter,www.exeter.ac.uk,52,176,199,112,216,2018
Technical University of Denmark / Danmarks Tekniske Universitet,www.dtu.dk,53,179,322,271,141,2018
Technische Universität Dresden,tu-dresden.de,54,184,245,233,183,2018
Humboldt Universität zu Berlin,www.hu-berlin.de,55,186,159,474,287,2018
London School of Economics and Political Science,www.lse.ac.uk,56,188,88,152,450,2018
Charles University in Prague / Univerzita Karlova v Praze,www.cuni.cz,57,189,224,927,222,2018
(1) Universitat de València,www.uv.es,58,190,300,97,232,2018
University of Bergen / Universitetet i Bergen,www.uib.no,59,190,225,367,250,2018
Hebrew University of Jerusalem,www.huji.ac.il,60,192,215,130,274,2018
Universität Freiburg,www.uni-freiburg.de,61,195,209,280,231,2018
University of Gothenburg / Göteborgs Universitet,www.gu.se,62,197,274,215,197,2018
Technische Universität Berlin,www.tu-berlin.de,63,197,185,255,336,2018
Georg-August-Universität Göttingen,www.uni-goettingen.de,64,200,278,117,239,2018
Universidade do Porto,www.up.pt,65,205,293,559,193,2018
(1) Norwegian University of Science & Technology / Norges Teknisk-Naturvitenskapelige Universitet,www.ntnu.no,66,208,264,337,217,2018
University of York,www.york.ac.uk,67,209,169,156,310,2018
Erasmus University of Rotterdam / Erasmus Universiteit Rotterdam,www.eur.nl,68,211,588,261,68,2018
Stockholm University / Stockholms Universitet,www.su.se,69,213,303,211,187,2018
Eindhoven University of Technology / Technische Universiteit Eindhoven,www.tue.nl,70,214,213,347,265,2018
University of Liverpool,www.liverpool.ac.uk,71,215,342,278,150,2018
Lomonosov Moscow State University / Московский государственный университет М В Ломоносова,www.msu.ru,72,215,177,584,283,2018
Universität Münster,www.uni-muenster.de,73,215,262,443,195,2018
Universität Tubingen,www.uni-tuebingen.de,74,215,259,272,228,2018
Linköping University / Linköpings Universitet,liu.se,75,219,170,352,309,2018
Trinity College Dublin,www.tcd.ie,76,222,197,249,294,2018
Radboud University / Radboud Universiteit Nijmegen,www.ru.nl,77,223,384,44,209,2018
Universität zu Köln,www.uni-koeln.de,78,224,201,312,286,2018
Cardiff University,www.cardiff.ac.uk,79,226,321,282,185,2018
Università di Pisa (Università degli Studi di Pisa),www.unipi.it,80,227,359,175,193,2018
University of Twente / Universiteit Twente,www.utwente.nl,81,228,186,371,296,2018
Università degli Studi di Napoli Federico II,www.unina.it,82,230,540,199,109,2018
Johannes Gutenberg Universität Mainz,www.uni-mainz.de,83,232,290,246,226,2018
University of Leicester,le.ac.uk,84,233,203,210,330,2018
Technische Universität Wien,www.tuwien.ac.at,85,237,166,406,347,2018
Durham University,www.dur.ac.uk,86,242,216,885,246,2018
University of Southampton,www.southampton.ac.uk,87,245,273,2393,103,2018
National and Kapodistrian University of Athens,www.uoa.gr,88,249,490,36,215,2018
Politecnico di Milano,www.polimi.it,89,251,343,410,221,2018
Aalto University / Aalto-yliopisto,www.aalto.fi,90,252,320,299,265,2018
Universität Leipzig,www.uni-leipzig.de,91,253,243,329,319,2018
Università degli Studi di Torino,www.unito.it,92,255,511,247,170,2018
University College Dublin,www.ucd.ie,93,258,374,137,252,2018
Université Libre de Bruxelles,www.ulb.ac.be,94,260,344,122,279,2018
University of Saint Andrews,www.st-andrews.ac.uk,95,262,222,274,376,2018
Università degli Studi di Firenze,www.unifi.it,96,262,519,189,180,2018
Universidade de Lisboa,www.ulisboa.pt,97,264,630,413,135,2018
Universidad Autónoma de Madrid,www.uam.es,98,267,412,346,208,2018
Universität Basel,www.unibas.ch,99,267,398,185,241,2018
Technion Israel Institute of Technology,www.technion.ac.il,100,273,377,225,260,2018
University of Oxford,www.ox.ac.uk,1,7,15,7,5,2019
University of Cambridge,www.cam.ac.uk,2,11,19,6,12,2019
University College London,www.ucl.ac.uk,3,20,47,11,6,2019
Eidgenössische Technische Hochschule ETH Zürich / Swiss Federal Institute of Technology Zurich,www.ethz.ch,4,32,53,46,30,2019
University of Edinburgh,www.ed.ac.uk,5,43,57,61,53,2019
Imperial College London,www.imperial.ac.uk,6,58,137,16,18,2019
Utrecht University / Universiteit Utrecht,www.uu.nl,7,63,98,101,41,2019
University of Manchester,www.manchester.ac.uk,8,64,112,47,49,2019
University of Amsterdam / Universiteit van Amsterdam,www.uva.nl,9,66,114,88,40,2019
University of Copenhagen / Københavns Universitet,www.ku.dk,10,76,176,80,38,2019
King's College London,www.kcl.ac.uk,11,77,155,34,48,2019
Catholic University of Leuven,www.kuleuven.be,12,78,158,82,51,2019
University of Helsinki / Helsingin yliopisto,www.helsinki.fi,13,87,121,120,116,2019
University of Groningen / Rijksuniversiteit Groningen,www.rug.nl,14,88,151,150,73,2019
University of Oslo / Universitetet i Oslo,www.uio.no,15,93,122,136,130,2019
Ruprecht Karls Universität Heidelberg,www.uni-heidelberg.de,16,97,163,148,104,2019
Ludwig Maximilians Universität München,www.uni-muenchen.de,17,97,147,221,89,2019
Ghent University / Universiteit Gent,www.ugent.be,18,99,227,89,67,2019
University of Leeds,www.leeds.ac.uk,19,102,108,118,147,2019
Technische Universität München,www.tum.de,20,103,187,134,81,2019
Uppsala University / Uppsala Universitet,www.uu.se,21,106,156,116,105,2019
Delft University of Technology TU Delft,www.tudelft.nl,22,112,128,169,145,2019
University of Warwick,warwick.ac.uk,23,113,118,149,154,2019
Universität Zürich,www.uzh.ch,24,114,205,94,87,2019
Lund University / Lunds Universitet,www.lu.se,25,115,191,93,112,2019
University of Nottingham,www.nottingham.ac.uk,26,119,154,132,114,2019
Università di Bologna (Università degli Studi di Bologna),www.unibo.it,27,120,207,124,106,2019
Bristol University,www.bristol.ac.uk,28,123,218,73,90,2019
Aarhus University / Aarhus Universitet,www.au.dk,29,123,254,153,78,2019
University of Glasgow,www.gla.ac.uk,30,125,105,703,126,2019
VU University of Amsterdam / Vrije Universiteit Amsterdam,www.vu.nl,31,127,275,131,62,2019
Universitat de Barcelona,www.ub.edu,32,133,197,172,124,2019
University of Sheffield,www.sheffield.ac.uk,33,143,178,113,122,2019
Newcastle University Newcastle upon Tyne,www.ncl.ac.uk,34,143,148,146,172,2019
Università degli Studi di Roma La Sapienza,www.uniroma1.it,35,147,356,135,63,2019
Karlsruhe Institute of Technology (Universität Karlsruhe),www.kit.edu,36,148,160,183,171,2019
Universität Hamburg,www.uni-hamburg.de,37,149,183,437,136,2019
Universität Wien,www.univie.ac.at,38,150,113,231,268,2019
Université de Geneve,www.unige.ch,39,152,166,112,191,2019
Università degli Studi di Padova,www.unipd.it,40,155,428,102,85,2019
(2) Tel Aviv University,www.tau.ac.il,41,157,242,126,148,2019
Rheinische Friedrich Wilhelms Universität Bonn,www.uni-bonn.de,42,159,199,241,150,2019
Karolinska Institute / Karolinska Institutet,ki.se,43,162,429,70,68,2019
Rheinisch Westfalische Technische Hochschule Aachen,www.rwth-aachen.de,44,164,189,214,177,2019
Università degli Studi di Milano,www.unimi.it,45,165,346,114,98,2019
Royal Institute of Technology / Kungliga Tekniska Högskolan,www.kth.se,46,168,179,235,189,2019
Queen Mary University of London,www.qmul.ac.uk,47,171,238,103,161,2019
University of Exeter,www.exeter.ac.uk,48,173,192,133,203,2019
Universität Bern,www.unibe.ch,49,175,259,166,157,2019
Wageningen University & Research Centre,www.wur.nl,50,176,340,106,142,2019
London School of Economics and Political Science,www.lse.ac.uk,51,179,91,139,442,2019
University of Gothenburg / Göteborgs Universitet,www.gu.se,52,181,278,145,201,2019
(1) Norwegian University of Science & Technology / Norges Teknisk-Naturvitenskapelige Universitet,www.ntnu.no,53,182,257,249,211,2019
University of York,www.york.ac.uk,54,184,162,121,305,2019
Freie Universität Berlin,www.fu-berlin.de,55,186,132,318,340,2019
University of Bergen / Universitetet i Bergen,www.uib.no,56,186,209,248,257,2019
Universidad Complutense de Madrid,www.ucm.es,57,190,214,175,272,2019
Università degli Studi di Napoli Federico II,www.unina.it,58,191,458,162,111,2019
Hebrew University of Jerusalem,www.huji.ac.il,59,193,219,98,298,2019
Stockholm University / Stockholms Universitet,www.su.se,60,198,313,179,183,2019
Charles University in Prague / Univerzita Karlova v Praze,cuni.cz,61,204,249,604,220,2019
Technische Universität Dresden,tu-dresden.de,62,206,283,274,194,2019
Universidade do Porto,www.up.pt,63,208,321,320,197,2019
Cardiff University,www.cardiff.ac.uk,64,210,322,188,186,2019
Humboldt Universität zu Berlin,www.hu-berlin.de,65,210,198,362,297,2019
Eindhoven University of Technology / Technische Universiteit Eindhoven,www.tue.nl,66,212,202,256,281,2019
Universität Freiburg,www.uni-freiburg.de,67,213,234,266,238,2019
Linköping University / Linköpings Universitet,liu.se,68,215,171,340,306,2019
University of Liverpool,www.liverpool.ac.uk,69,216,320,300,155,2019
Universidade de Lisboa,www.ulisboa.pt,70,217,427,368,136,2019
Universität Münster,www.uni-muenster.de,71,218,303,402,206,2019
(1) Universitat de València,www.uv.es,72,220,316,236,229,2019
Universität Tubingen,www.uni-tuebingen.de,73,223,292,180,234,2019
National and Kapodistrian University of Athens,www.uoa.gr,74,224,375,72,222,2019
University of Twente / Universiteit Twente,www.utwente.nl,75,224,190,244,325,2019
Lomonosov Moscow State University / Московский государственный университет М В Ломоносова,www.msu.ru,76,226,211,583,279,2019
Trinity College Dublin,www.tcd.ie,77,230,203,194,320,2019
University of Leicester,le.ac.uk,78,231,200,252,341,2019
Università di Pisa (Università degli Studi di Pisa),www.unipi.it,79,234,381,222,188,2019
Universitat Autònoma de Barcelona,www.uab.cat,80,236,436,338,159,2019
Radboud University / Radboud Universiteit Nijmegen,www.ru.nl,81,240,370,160,226,2019
Universidad de Granada,www.ugr.es,82,242,309,205,271,2019
Aalto University / Aalto-yliopisto,www.aalto.fi,83,243,302,294,260,2019
Universität zu Köln,www.uni-koeln.de,84,244,229,347,303,2019
Technische Universität Berlin,www.tu-berlin.de,85,246,213,282,349,2019
Università degli Studi di Torino,www.unito.it,86,248,514,218,176,2019
Politecnico di Milano,www.polimi.it,87,253,372,270,228,2019
Johannes Gutenberg Universität Mainz,www.uni-mainz.de,88,256,360,289,225,2019
University College Dublin,www.ucd.ie,89,260,355,220,248,2019
University of Sussex,www.sussex.ac.uk,90,261,258,237,324,2019
Università degli Studi di Firenze,www.unifi.it,91,262,522,171,181,2019
University of Saint Andrews,www.st-andrews.ac.uk,92,263,223,229,385,2019
Georg-August-Universität Göttingen,www.uni-goettingen.de,93,266,304,600,263,2019
Universidad Autónoma de Madrid,www.uam.es,94,268,445,263,213,2019
Technion Israel Institute of Technology,www.technion.ac.il,95,270,376,190,270,2019
École Polytechnique Fédérale de Lausanne,www.epfl.ch,96,271,1009,48,91,2019
Aristotle University of Thessaloniki,www.auth.gr,97,272,326,332,316,2019
Chalmers University of Technology,www.chalmers.se,98,273,284,309,332,2019
Universität Basel,www.unibas.ch,99,274,421,202,255,2019
University of Aberdeen,www.abdn.ac.uk,100,274,299,200,331,2019
University of Oxford,www.ox.ac.uk,1,7,13,9,5,2020
University of Cambridge,www.cam.ac.uk,2,12,19,7,12,2020
UCL University College London,www.ucl.ac.uk,3,18,47,12,7,2020
Imperial College London,www.imperial.ac.uk,4,41,98,20,19,2020
University of Edinburgh,www.ed.ac.uk,5,43,54,68,53,2020
Utrecht University / Universiteit Utrecht,www.uu.nl,6,60,96,84,43,2020
University of Manchester,www.manchester.ac.uk,7,62,99,44,52,2020
University of Amsterdam / Universiteit van Amsterdam,www.uva.nl,8,64,126,80,40,2020
King's College London,www.kcl.ac.uk,9,69,139,32,50,2020
University of Copenhagen / Københavns Universitet,www.ku.dk,10,72,170,77,38,2020
Catholic University of Leuven,www.kuleuven.be,11,79,171,74,54,2020
University of Groningen / Rijksuniversiteit Groningen,www.rug.nl,12,82,144,128,74,2020
University of Helsinki / Helsingin yliopisto,www.helsinki.fi,13,83,124,130,124,2020
University of Oslo / Universitetet i Oslo,www.uio.no,14,86,122,114,133,2020
Technische Universität München,www.tum.de,15,87,164,123,75,2020
Ghent University / Universiteit Gent,www.ugent.be,16,90,221,82,69,2020
University of Leeds,www.leeds.ac.uk,17,95,110,115,142,2020
Ludwig Maximilians Universität München,www.uni-muenchen.de,18,96,137,288,91,2020
Ruprecht Karls Universität Heidelberg,www.uni-heidelberg.de,19,98,153,161,112,2020
Uppsala University / Uppsala Universitet,www.uu.se,20,99,156,102,105,2020
Universität Zürich,www.uzh.ch,21,103,200,83,86,2020
University of Warwick,warwick.ac.uk,22,106,112,150,157,2020
University of Nottingham,www.nottingham.ac.uk,23,110,151,103,117,2020
Lund University / Lunds Universitet,www.lu.se,24,110,176,121,119,2020
Delft University of Technology TU Delft,www.tudelft.nl,25,112,127,160,148,2020
Università di Bologna (Università degli Studi di Bologna),www.unibo.it,26,114,193,116,107,2020
Aarhus University / Aarhus Universitet,www.au.dk,27,119,257,137,76,2020
Eidgenössische Technische Hochschule ETH Zürich / Swiss Federal Institute of Technology Zurich,www.ethz.ch,28,122,547,40,31,2020
Bristol University,www.bristol.ac.uk,29,123,213,118,96,2020
(2) Tel Aviv University,www.tau.ac.il,30,123,173,109,144,2020
Universitat de Barcelona,www.ub.edu,31,126,191,153,131,2020
VU University of Amsterdam / Vrije Universiteit Amsterdam,www.vu.nl,32,129,279,146,67,2020
University of Glasgow,www.gla.ac.uk,33,139,111,897,129,2020
Università degli Studi di Roma La Sapienza,www.uniroma1.it,34,140,371,112,61,2020
University of Sheffield,www.sheffield.ac.uk,35,142,186,94,125,2020
Newcastle University Newcastle upon Tyne,www.ncl.ac.uk,36,143,155,131,164,2020
Universität Wien,www.univie.ac.at,37,149,117,195,260,2020
Université de Geneve,www.unige.ch,38,151,158,135,194,2020
Karlsruhe Institute of Technology (Universität Karlsruhe),www.kit.edu,39,153,175,187,174,2020
Karolinska Institute / Karolinska Institutet,ki.se,40,154,428,72,68,2020
Universität Hamburg,www.uni-hamburg.de,41,156,182,409,145,2020
Università degli Studi di Padova,www.unipd.it,42,159,381,100,85,2020
Rheinisch Westfalische Technische Hochschule Aachen,www.rwth-aachen.de,43,160,190,239,173,2020
Rheinische Friedrich Wilhelms Universität Bonn,www.uni-bonn.de,44,161,211,218,154,2020
Wageningen University & Research Centre,www.wur.nl,45,162,286,107,151,2020
Royal Institute of Technology / Kungliga Tekniska Högskolan,www.kth.se,46,164,185,196,195,2020
Università degli Studi di Milano,www.unimi.it,47,165,356,125,99,2020
University of Exeter,www.exeter.ac.uk,48,167,188,143,198,2020
Technical University of Denmark / Danmarks Tekniske Universitet,www.dtu.dk,49,171,300,138,150,2020
Queen Mary University of London,www.qmul.ac.uk,50,172,240,139,161,2020
University of Gothenburg / Göteborgs Universitet,www.gu.se,51,174,253,147,190,2020
Universität Bern,www.unibe.ch,52,175,259,210,155,2020
London School of Economics and Political Science,www.lse.ac.uk,53,180,86,162,468,2020
University of Bergen / Universitetet i Bergen,www.uib.no,54,181,194,223,263,2020
Charles University in Prague / Univerzita Karlova v Praze UK,cuni.cz,55,184,215,505,212,2020
Freie Universität Berlin,www.fu-berlin.de,56,185,130,366,325,2020
(2) Universidad Complutense de Madrid,www.ucm.es,57,186,212,145,276,2020
University of York,www.york.ac.uk,58,187,161,134,304,2020
(1) Norwegian University of Science & Technology / Norges Teknisk-Naturvitenskapelige Universitet,www.ntnu.no,59,187,266,215,205,2020
Universidade do Porto,www.up.pt,60,189,288,258,193,2020
Stockholm University / Stockholms Universitet,www.su.se,61,191,306,175,181,2020
Technische Universität Dresden,tu-dresden.de,62,199,268,302,197,2020
Università degli Studi di Napoli Federico II,www.unina.it,63,200,493,164,106,2020
Universität Freiburg,www.uni-freiburg.de,64,204,222,304,240,2020
Università di Pisa (Università degli Studi di Pisa),www.unipi.it,65,206,328,236,178,2020
Universitat Autònoma de Barcelona,www.uab.cat,66,206,355,321,162,2020
Hebrew University of Jerusalem,www.huji.ac.il,67,208,217,87,314,2020
Lomonosov Moscow State University / Московский государственный университет М В Ломоносова,www.msu.ru,68,211,204,513,261,2020
Eindhoven University of Technology / Technische Universiteit Eindhoven,www.tue.nl,69,213,198,226,300,2020
(1) Universitat de València,www.uv.es,70,215,308,216,229,2020
Linköping University / Linköpings Universitet,liu.se,71,217,180,309,322,2020
University of Liverpool,www.liverpool.ac.uk,72,217,338,285,158,2020
Universität Tubingen,www.uni-tuebingen.de,73,220,285,209,233,2020
Cardiff University,www.cardiff.ac.uk,74,221,321,206,191,2020
Aalto University / Aalto-yliopisto,www.aalto.fi,75,223,251,290,255,2020
Universidad de Granada,www.ugr.es,76,225,302,165,269,2020
Humboldt Universität zu Berlin,www.hu-berlin.de,77,226,205,370,302,2020
Trinity College Dublin,www.tcd.ie,78,228,199,204,327,2020
University of Saint Andrews,www.st-andrews.ac.uk,79,228,162,254,402,2020
Universität zu Köln,www.uni-koeln.de,80,233,209,355,308,2020
National and Kapodistrian University of Athens,www.uoa.gr,81,233,388,86,225,2020
Universität Münster,www.uni-muenster.de,82,236,297,414,217,2020
Politecnico di Milano,www.polimi.it,83,236,336,238,224,2020
University of Twente / Universiteit Twente,www.utwente.nl,84,239,202,219,349,2020
University of Leicester,le.ac.uk,85,244,203,263,363,2020
Radboud University / Radboud Universiteit Nijmegen,www.ru.nl,86,245,363,180,244,2020
Universidade de Lisboa,www.ulisboa.pt,87,246,559,308,138,2020
Università degli Studi di Torino,www.unito.it,88,249,528,203,165,2020
University College Dublin,www.ucd.ie,89,250,337,198,250,2020
Università degli Studi di Firenze,www.unifi.it,90,255,525,172,177,2020
University of Sussex,www.sussex.ac.uk,91,258,248,257,313,2020
Johannes Gutenberg Universität Mainz,www.uni-mainz.de,92,261,367,318,234,2020
Chalmers University of Technology,www.chalmers.se,93,261,289,259,324,2020
Universidad Autónoma de Madrid,www.uam.es,94,264,461,229,210,2020
Aristotle University of Thessaloniki,www.auth.gr,95,269,329,282,311,2020
(1) Friedrich Alexander Universität Erlangen Nürnberg FAU,www.fau.de,96,270,504,328,175,2020
Georg-August-Universität Göttingen,www.uni-goettingen.de,97,273,292,570,283,2020
Universität Leipzig,www.uni-leipzig.de,98,273,304,421,286,2020
Universitat Politècnica de Catalunya BarcelonaTech,www.upc.edu,99,278,291,312,366,2020
École Polytechnique Fédérale de Lausanne,www.epfl.ch,100,279,991,60,103,2020
